{"cameraMode":{"drawMode":0,"name":"Shaded","section":"Shading Mode"},"sceneLighting":false,"audioPlay":false,"sceneViewState":{"showFog":false,"showMaterialUpdate":false,"showSkybox":false,"showFlares":false,"showImageEffects":true,"showParticleSystems":true},"in2DMode":false,"pivot":{"x":-31.197490692138673,"y":8.302499771118164,"z":-141.14999389648438},"rotation":{"x":-0.23140037059783936,"y":-0.07926956564188004,"z":0.018921153619885446,"w":-0.9694391489028931},"size":22.0,"orthographic":false}