{"cameraMode":{"drawMode":0,"name":"Shaded","section":"Shading Mode"},"sceneLighting":false,"audioPlay":false,"sceneViewState":{"showFog":false,"showMaterialUpdate":false,"showSkybox":false,"showFlares":false,"showImageEffects":true,"showParticleSystems":true},"in2DMode":false,"pivot":{"x":-26.317489624023439,"y":6.122499942779541,"z":-35.54999923706055},"rotation":{"x":-0.23140037059783936,"y":-0.07926956564188004,"z":0.018921153619885446,"w":-0.9694391489028931},"size":22.0,"orthographic":false}