{"cameraMode":{"drawMode":0,"name":"Shaded","section":"Shading Mode"},"sceneLighting":true,"audioPlay":false,"sceneViewState":{"showFog":false,"showMaterialUpdate":false,"showSkybox":false,"showFlares":false,"showImageEffects":true,"showParticleSystems":true},"in2DMode":false,"pivot":{"x":-5.039999961853027,"y":6.122499942779541,"z":-110.5999984741211},"rotation":{"x":-0.23140037059783936,"y":-0.07926956564188004,"z":0.018921153619885446,"w":-0.9694391489028931},"size":22.0,"orthographic":false}